AtUtc,Level,Message
2026-02-13T19:34:43.1900000Z,INFO,Added domain: index.hu
2026-02-13T19:35:12.6770000Z,INFO,Applied hosts block. Domains: 1
2026-02-13T19:37:00.7150000Z,INFO,Added domain: facebook.com
2026-02-13T19:37:04.0730000Z,INFO,Applied hosts block. Domains: 2
2026-02-13T19:37:06.0420000Z,INFO,Preview generated. Domains: 2
2026-02-13T19:37:34.7330000Z,WARN,Reverted HostsGuardian block.
2026-02-13T19:37:35.8210000Z,WARN,Reverted HostsGuardian block.
2026-02-13T19:37:40.7100000Z,WARN,Reverted HostsGuardian block.
2026-02-13T19:37:44.3530000Z,INFO,Removed domain: index.hu
2026-02-13T19:37:46.7600000Z,INFO,Removed domain: facebook.com
2026-02-13T19:37:48.4850000Z,WARN,Reverted HostsGuardian block.
2026-02-14T00:22:34.3730000Z,INFO,Added domain: facebook.com
2026-02-14T00:22:36.8790000Z,INFO,Hosts file applied
2026-02-14T00:22:58.6980000Z,INFO,Hosts file reverted
2026-02-14T00:22:59.0790000Z,INFO,Hosts file reverted
2026-02-14T00:32:47.4870000Z,INFO,Hosts file applied
2026-02-14T00:32:52.6870000Z,INFO,Hosts file applied
2026-02-14T00:33:07.7180000Z,INFO,Hosts file reverted
2026-02-14T00:33:21.2710000Z,INFO,Hosts file applied
2026-02-14T00:33:23.2640000Z,INFO,DNS cache flushed (ipconfig /flushdns)
2026-02-14T00:33:31.3010000Z,INFO,Hosts file reverted
2026-02-14T00:33:52.6800000Z,INFO,Removed domain: facebook.com
2026-02-14T00:39:44.5270000Z,INFO,DNS panel refreshed (info-only)
2026-02-14T00:39:44.5460000Z,INFO,Router direction snapshot refreshed (info-only)
2026-02-14T00:40:08.2380000Z,INFO,Added domain: facebook.com
2026-02-14T00:40:18.0240000Z,INFO,Hosts file applied
2026-02-14T00:40:31.4880000Z,INFO,Hosts file reverted
2026-02-14T00:40:37.2810000Z,INFO,Removed domain: facebook.com
2026-02-14T00:40:50.4500000Z,INFO,Added domain: facebook.com
2026-02-14T00:40:56.4580000Z,INFO,Added domain: mandiner.hu
2026-02-14T00:41:12.1140000Z,INFO,Added domain: fidesz.hu
2026-02-14T00:41:31.7500000Z,INFO,Hosts file applied
2026-02-14T00:42:10.2070000Z,INFO,Router direction snapshot refreshed (info-only)
2026-02-14T00:42:11.2310000Z,INFO,Router direction snapshot refreshed (info-only)
2026-02-14T00:42:11.4310000Z,INFO,Router direction snapshot refreshed (info-only)
2026-02-14T00:42:17.6290000Z,INFO,Hosts file reverted
2026-02-14T01:05:33.5980000Z,INFO,DNS panel refreshed (info-only)
2026-02-14T01:05:33.6220000Z,INFO,Router direction snapshot refreshed (info-only)
2026-02-14T01:05:40.4030000Z,INFO,Hosts file applied
2026-02-14T01:05:48.4330000Z,INFO,Hosts file reverted
2026-02-14T02:59:20.6770000Z,INFO,DNS panel refreshed (info-only)
2026-02-14T02:59:20.7040000Z,INFO,Router direction snapshot refreshed (info-only)
2026-02-14T03:08:44.1130000Z,INFO,DNS panel refreshed (info-only)
2026-02-14T03:08:44.1880000Z,INFO,Router direction snapshot refreshed (info-only)
2026-02-14T03:09:00.6830000Z,INFO,Hosts file applied
2026-02-14T03:09:01.5100000Z,INFO,Hosts file applied
2026-02-14T03:10:05.6930000Z,INFO,Added domain: index.hu
2026-02-14T03:10:18.2870000Z,INFO,Hosts file applied
2026-02-14T03:10:19.4640000Z,INFO,Hosts file applied
2026-02-14T03:10:53.0860000Z,INFO,Router direction snapshot refreshed (info-only)
2026-02-14T03:11:18.6540000Z,INFO,Exported activity JSON: D:\Project_munka\HostsGuardian\HostsGuardian\hostsguardian_activity.json
